<assembly xmlns="http://maven.apache.org/ASSEMBLY/2.0.0"
          xmlns:xsi="http://www.w3.org/2001/XMLSchema-instance"
          xsi:schemaLocation="http://maven.apache.org/ASSEMBLY/2.0.0
                      http://maven.apache.org/xsd/assembly-2.0.0.xsd">
    <id>lambda-zip</id>
    <formats>
        <format>zip</format>
    </formats>
    <includeBaseDirectory>false</includeBaseDirectory>
    <dependencySets>
        <dependencySet>
            <includes>
                <include>${project.groupId}:${project.artifactId}</include>
            </includes>
            <unpack>true</unpack>
            <unpackOptions>
                <excludes>
                    <exclude>META-INF/MANIFEST.MF</exclude>
                    <exclude>META-INF/maven/**</exclude>
                </excludes>
            </unpackOptions>
        </dependencySet>
        <dependencySet>
            <useProjectArtifact>false</useProjectArtifact>
            <unpack>false</unpack>
            <scope>runtime</scope>
            <outputDirectory>lib</outputDirectory>
        </dependencySet>
    </dependencySets>
</assembly>